survey_date,pd0_ensembles,rmc_rows,bin_rows,structurally_screened_bin_rows,closest_point_clear_km,gps_minus_rtc_median_s,winriver_transducer_depth_m
2010-08-18,635,6986,25400,14011,7.979,25211.87,0.25
2010-08-23,586,11065,23440,13358,7.974,25207.79,0.5
2010-09-02,580,11378,23200,13174,7.976,25199.84,0.5
2010-09-09,599,9824,23960,13832,7.993,25194.05,0.5
2010-09-15,576,10546,23040,12978,7.971,25189.2,0.5
2010-09-23,556,9945,22240,12513,7.945,25182.68,1.0
2010-09-30,530,9997,21200,11173,7.981,25176.835,1.0
2010-10-07,535,8693,21400,11855,7.966,25171.31,0.5
2010-10-13,517,9641,20680,11627,7.977,25166.34,0.5
2010-10-21,543,9919,21720,12213,7.935,25160.07,0.5
2010-10-27,553,10002,22120,12193,7.996,25155.05,1.0
